Message Number,Time Offset (ms),Type,ID (hex),Data Length,Data Bytes,Total Energy Consumption (kJ)
24144,8186.100098,0,07EC,8,21.02 %
25113,8515.700195,0,07EC,8,20.99 %
26856,9107.000000,0,07E8-10,8,2 g/s
26958,9139.900391,0,07E8-10,8,2 g/s
26982,9146.799805,0,07EC,8,20.89 %
27047,9167.000000,0,07E8-10,8,2 g/s
27121,9197.700195,0,07E8-10,8,2 g/s
27215,9227.299805,0,07E8-10,8,2 g/s
27311,9257.299805,0,07E8-10,8,7 g/s
27395,9287.299805,0,07E8-10,8,12 g/s
27477,9316.900391,0,07E8-10,8,15 g/s
27572,9347.000000,0,07E8-10,8,15 g/s
27657,9377.099609,0,07E8-10,8,15 g/s
27741,9407.299805,0,07E8-10,8,15 g/s
27833,9438.700195,0,07E8-10,8,17 g/s
27924,9467.000000,0,07E8-10,8,17 g/s
28002,9497.900391,0,07E8-10,8,20 g/s
28095,9527.099609,0,07E8-10,8,20 g/s
28160,9546.799805,0,07EC,8,20.83 %, -675.82kJ
28160,9546.799805,0,07EC,8,20.83 %
28195,9558.200195,0,07E8-10,8,20 g/s
28274,9586.900391,0,07E8-10,8,23 g/s
28356,9617.599609,0,07E8-10,8,23 g/s
28449,9647.099609,0,07E8-10,8,23 g/s
28452,9647.799805,0,07EC,8,20.83 %, 677.29kJ
28452,9647.799805,0,07EC,8,20.83 %
28548,9677.099609,0,07E8-10,8,23 g/s
28633,9707.299805,0,07E8-10,8,23 g/s
28730,9739.599609,0,07E8-10,8,25 g/s
28816,9767.099609,0,07E8-10,8,23 g/s
28892,9797.000000,0,07E8-0D,8,14 km/h
28980,9827.099609,0,07E8-10,8,23 g/s
29080,9858.599609,0,07E8-10,8,23 g/s
29161,9887.099609,0,07E8-10,8,23 g/s
29249,9917.799805,0,07E8-10,8,25 g/s
29341,9946.900391,0,07E8-10,8,23 g/s
29428,9977.799805,0,07E8-10,8,23 g/s
29514,10007.299805,0,07E8-10,8,23 g/s
29607,10038.700195,0,07E8-10,8,25 g/s
29697,10066.900391,0,07E8-10,8,23 g/s
29775,10096.900391,0,07E8-10,8,23 g/s
29868,10127.299805,0,07E8-10,8,25 g/s
29964,10157.000000,0,07E8-10,8,25 g/s
30050,10187.299805,0,07E8-10,8,23 g/s
30133,10217.200195,0,07E8-10,8,23 g/s
30227,10247.500000,0,07E8-10,8,23 g/s
30313,10277.099609,0,07E8-10,8,25 g/s
30399,10307.299805,0,07E8-10,8,25 g/s
30490,10338.599609,0,07E8-10,8,23 g/s
30577,10367.000000,0,07E8-10,8,23 g/s
30654,10396.799805,0,07E8-10,8,25 g/s
30746,10427.099609,0,07E8-10,8,25 g/s
30841,10456.900391,0,07E8-10,8,25 g/s
30925,10487.200195,0,07E8-10,8,25 g/s
31017,10517.500000,0,07E8-10,8,25 g/s
31110,10547.000000,0,07E8-10,8,25 g/s
31193,10576.900391,0,07E8-10,8,25 g/s
31278,10607.900391,0,07E8-10,8,25 g/s
31303,10616.099609,0,07EC,8,20.94 %, 1498.07kJ
31303,10616.099609,0,07EC,8,20.94 %
31371,10639.099609,0,07E8-10,8,25 g/s
31472,10667.099609,0,07E8-10,8,25 g/s
31545,10696.799805,0,07E8-10,8,25 g/s
31639,10727.200195,0,07E8-10,8,23 g/s
31733,10757.400391,0,07E8-10,8,23 g/s
31816,10787.000000,0,07E8-10,8,25 g/s
31900,10817.700195,0,07E8-10,8,25 g/s
31993,10848.400391,0,07E8-10,8,25 g/s
32080,10877.400391,0,07E8-10,8,25 g/s
32172,10909.400391,0,07E8-10,8,25 g/s
32192,10916.299805,0,07EC,8,20.97 %, 1049.24kJ
32192,10916.299805,0,07EC,8,20.97 %
32262,10938.500000,0,07E8-10,8,25 g/s
32350,10967.299805,0,07E8-10,8,25 g/s
32427,10996.900391,0,07E8-10,8,25 g/s
32519,11028.099609,0,07E8-10,8,25 g/s
32610,11057.099609,0,07E8-10,8,25 g/s
32694,11087.000000,0,07E8-10,8,25 g/s
32779,11116.900391,0,07E8-10,8,25 g/s
32874,11146.799805,0,07E8-10,8,28 g/s
32963,11177.599609,0,07E8-10,8,28 g/s
33050,11208.500000,0,07E8-10,8,28 g/s
33142,11238.900391,0,07E8-10,8,28 g/s
33164,11245.799805,0,07EC,8,21.00 %, 1131.11kJ
33164,11245.799805,0,07EC,8,21.00 %
33234,11267.099609,0,07E8-10,8,28 g/s
33308,11297.200195,0,07E8-10,8,28 g/s
33399,11327.000000,0,07E8-10,8,28 g/s
33493,11357.200195,0,07E8-10,8,28 g/s
33577,11387.200195,0,07E8-10,8,28 g/s
33659,11416.900391,0,07E8-10,8,28 g/s
33752,11447.299805,0,07E8-10,8,28 g/s
33839,11476.799805,0,07E8-10,8,28 g/s
33935,11509.500000,0,07E8-10,8,28 g/s
33955,11515.700195,0,07EC,8,21.03 %
34028,11539.200195,0,07E8-10,8,28 g/s
34049,11545.799805,0,07EC,8,21.03 %
34115,11567.000000,0,07E8-10,8,28 g/s
34191,11597.500000,0,07E8-10,8,28 g/s
34281,11627.000000,0,07E8-10,8,28 g/s
34379,11657.299805,0,07E8-10,8,28 g/s
34417,11666.299805,0,07EC,8,21.05 %
34472,11687.000000,0,07E8-10,8,28 g/s
34556,11717.200195,0,07E8-10,8,28 g/s
34649,11747.299805,0,07E8-10,8,28 g/s
34738,11777.299805,0,07E8-10,8,28 g/s
34825,11808.299805,0,07E8-10,8,28 g/s
34915,11838.900391,0,07E8-10,8,28 g/s
35004,11867.099609,0,07E8-10,8,28 g/s
35081,11897.799805,0,07E8-10,8,28 g/s
35176,11927.900391,0,07E8-10,8,28 g/s
35270,11957.900391,0,07E8-10,8,28 g/s
35352,11986.799805,0,07E8-10,8,28 g/s
35436,12016.799805,0,07E8-10,8,28 g/s
35528,12047.299805,0,07E8-10,8,28 g/s
35614,12076.799805,0,07E8-10,8,28 g/s
35705,12109.000000,0,07E8-10,8,28 g/s
35799,12141.000000,0,07E8-10,8,28 g/s
35823,12147.000000,0,07EC,8,21.09 %
35885,12166.799805,0,07E8-10,8,28 g/s
35965,12196.799805,0,07E8-10,8,28 g/s
36055,12227.000000,0,07E8-10,8,28 g/s
36149,12257.099609,0,07E8-10,8,28 g/s
36235,12287.000000,0,07E8-10,8,28 g/s
36319,12317.700195,0,07E8-10,8,28 g/s
36413,12346.799805,0,07E8-10,8,28 g/s
36498,12376.700195,0,07E8-10,8,28 g/s
36588,12409.000000,0,07E8-10,8,28 g/s
36611,12416.299805,0,07EC,8,21.12 %
36677,12438.599609,0,07E8-10,8,28 g/s
36767,12467.099609,0,07E8-10,8,28 g/s
36844,12497.099609,0,07E8-10,8,28 g/s
36937,12527.400391,0,07E8-10,8,28 g/s
37032,12557.099609,0,07E8-10,8,28 g/s
37113,12586.799805,0,07E8-10,8,28 g/s
37198,12616.700195,0,07E8-10,8,25 g/s
37292,12647.000000,0,07E8-10,8,25 g/s
37391,12677.700195,0,07E8-10,8,25 g/s
37482,12709.599609,0,07E8-10,8,25 g/s
37502,12715.500000,0,07EC,8,21.15 %, 1970.09kJ
37502,12715.500000,0,07EC,8,21.15 %
37574,12739.599609,0,07E8-10,8,25 g/s
37659,12766.799805,0,07E8-10,8,25 g/s
37735,12796.700195,0,07E8-10,8,25 g/s
37824,12827.000000,0,07E8-10,8,25 g/s
37919,12857.299805,0,07E8-10,8,25 g/s
38002,12887.000000,0,07E8-10,8,25 g/s
38088,12916.700195,0,07E8-10,8,25 g/s
38180,12946.799805,0,07E8-10,8,23 g/s
38266,12976.700195,0,07E8-10,8,23 g/s
38359,13009.799805,0,07E8-10,8,23 g/s
38446,13038.700195,0,07E8-10,8,23 g/s
38537,13067.200195,0,07E8-10,8,23 g/s
38612,13096.700195,0,07E8-10,8,23 g/s
38706,13127.200195,0,07E8-10,8,23 g/s
38802,13156.900391,0,07E8-10,8,23 g/s
38887,13187.000000,0,07E8-10,8,23 g/s
38970,13217.000000,0,07E8-10,8,23 g/s
39066,13247.299805,0,07E8-10,8,23 g/s
39152,13277.099609,0,07E8-10,8,23 g/s
39242,13309.200195,0,07E8-10,8,23 g/s
39262,13315.599609,0,07EC,8,21.21 %, 1289.71kJ
39262,13315.599609,0,07EC,8,21.21 %
39334,13339.900391,0,07E8-10,8,20 g/s
39356,13346.099609,0,07EC,8,21.21 %, 811.36kJ
39356,13346.099609,0,07EC,8,21.21 %
39418,13366.799805,0,07E8-10,8,20 g/s
39495,13397.799805,0,07E8-10,8,23 g/s
39590,13427.799805,0,07E8-10,8,23 g/s
39682,13457.400391,0,07E8-10,8,23 g/s
39766,13487.299805,0,07E8-10,8,23 g/s
39855,13516.799805,0,07E8-10,8,23 g/s
39949,13547.000000,0,07E8-10,8,23 g/s
40033,13576.900391,0,07E8-10,8,23 g/s
40116,13608.099609,0,07E8-10,8,23 g/s
40209,13638.400391,0,07E8-10,8,23 g/s
40239,13647.099609,0,07EC,8,21.23 %, 1092.12kJ
40239,13647.099609,0,07EC,8,21.23 %
40312,13666.799805,0,07E8-10,8,23 g/s
40387,13696.799805,0,07E8-10,8,23 g/s
40476,13727.099609,0,07E8-10,8,23 g/s
40570,13757.099609,0,07E8-10,8,23 g/s
40654,13786.799805,0,07E8-10,8,23 g/s
40738,13816.700195,0,07E8-10,8,23 g/s
40830,13847.000000,0,07E8-10,8,23 g/s
40921,13876.700195,0,07E8-10,8,23 g/s
41001,13907.000000,0,07E8-10,8,23 g/s
41105,13939.000000,0,07E8-10,8,23 g/s
41187,13966.799805,0,07E8-10,8,23 g/s
41266,13996.799805,0,07E8-10,8,23 g/s
41358,14027.099609,0,07E8-10,8,23 g/s
41452,14056.799805,0,07E8-10,8,23 g/s
41536,14086.799805,0,07E8-10,8,20 g/s
41622,14116.700195,0,07E8-10,8,20 g/s
41717,14146.900391,0,07E8-10,8,20 g/s
41779,14167.000000,0,07EC,8,21.28 %, 1160.04kJ
41779,14167.000000,0,07EC,8,21.28 %
41805,14177.099609,0,07E8-10,8,20 g/s
41885,14207.099609,0,07E8-10,8,23 g/s
41985,14239.599609,0,07E8-10,8,23 g/s
42012,14247.099609,0,07EC,8,21.28 %, 993.72kJ
42012,14247.099609,0,07EC,8,21.28 %
42073,14266.700195,0,07E8-10,8,23 g/s
42150,14297.900391,0,07E8-10,8,23 g/s
42239,14326.799805,0,07E8-10,8,20 g/s
42306,14346.799805,0,07EC,8,21.28 %, 925.31kJ
42306,14346.799805,0,07EC,8,21.28 %
42336,14357.200195,0,07E8-10,8,20 g/s
42420,14386.799805,0,07E8-10,8,20 g/s
42506,14418.099609,0,07E8-10,8,20 g/s
42597,14447.000000,0,07E8-10,8,20 g/s
42683,14477.799805,0,07E8-10,8,20 g/s
42777,14509.200195,0,07E8-10,8,20 g/s
42871,14539.500000,0,07E8-10,8,20 g/s
42896,14546.599609,0,07EC,8,21.30 %
42956,14566.799805,0,07E8-10,8,20 g/s
43034,14596.799805,0,07E8-10,8,23 g/s
43124,14626.799805,0,07E8-10,8,23 g/s
43222,14657.299805,0,07E8-10,8,23 g/s
43314,14687.099609,0,07E8-10,8,20 g/s
43400,14716.799805,0,07E8-10,8,20 g/s
43493,14747.200195,0,07E8-10,8,20 g/s
43554,14767.000000,0,07EC,8,21.33 %, 1176.34kJ
43554,14767.000000,0,07EC,8,21.33 %
43581,14776.799805,0,07E8-10,8,20 g/s
43665,14808.700195,0,07E8-10,8,20 g/s
43757,14839.900391,0,07E8-10,8,20 g/s
43784,14847.099609,0,07EC,8,21.33 %
43847,14866.900391,0,07E8-10,8,20 g/s
43922,14896.700195,0,07E8-10,8,20 g/s
44016,14927.000000,0,07E8-10,8,20 g/s
44111,14957.500000,0,07E8-10,8,20 g/s
44194,14986.799805,0,07E8-10,8,20 g/s
44280,15016.799805,0,07E8-10,8,20 g/s
44374,15048.400391,0,07E8-10,8,23 g/s
44458,15077.299805,0,07E8-10,8,23 g/s
44547,15108.500000,0,07E8-10,8,20 g/s
44573,15116.500000,0,07EC,8,21.35 %, 1100.89kJ
44573,15116.500000,0,07EC,8,21.35 %
44642,15140.000000,0,07E8-10,8,20 g/s
44664,15147.099609,0,07EC,8,21.35 %
44723,15166.099609,0,07EC,8,21.36 %
44731,15167.299805,0,07E8-10,8,20 g/s
44807,15196.700195,0,07E8-10,8,20 g/s
44896,15227.099609,0,07E8-10,8,20 g/s
44995,15256.900391,0,07E8-10,8,20 g/s
45078,15287.099609,0,07E8-10,8,20 g/s
45161,15316.700195,0,07E8-10,8,20 g/s
45260,15348.200195,0,07E8-10,8,20 g/s
45341,15376.799805,0,07E8-10,8,20 g/s
45421,15407.000000,0,07E8-10,8,23 g/s
45522,15440.000000,0,07E8-10,8,20 g/s
45608,15467.000000,0,07E8-10,8,23 g/s
45686,15496.700195,0,07E8-10,8,23 g/s
45779,15527.400391,0,07E8-10,8,23 g/s
45876,15557.000000,0,07E8-10,8,23 g/s
45958,15586.799805,0,07E8-10,8,23 g/s
46042,15616.799805,0,07E8-10,8,20 g/s
46144,15649.599609,0,07E8-10,8,23 g/s
46232,15676.799805,0,07E8-10,8,23 g/s
46314,15707.099609,0,07E8-10,8,23 g/s
46413,15739.299805,0,07E8-10,8,23 g/s
46493,15766.200195,0,07EC,8,21.42 %, 1512.45kJ
46493,15766.200195,0,07EC,8,21.42 %
46498,15767.299805,0,07E8-10,8,23 g/s
46575,15796.900391,0,07E8-10,8,23 g/s
46662,15827.400391,0,07E8-10,8,23 g/s
46766,15859.700195,0,07E8-10,8,23 g/s
46842,15886.900391,0,07E8-10,8,23 g/s
46929,15916.700195,0,07E8-10,8,23 g/s
47020,15946.799805,0,07E8-10,8,23 g/s
47109,15976.700195,0,07E8-10,8,23 g/s
47196,16008.299805,0,07E8-10,8,23 g/s
47287,16038.799805,0,07E8-10,8,23 g/s
47378,16066.799805,0,07E8-10,8,23 g/s
47455,16096.900391,0,07E8-10,8,23 g/s
47549,16128.200195,0,07E8-10,8,23 g/s
47641,16157.000000,0,07E8-10,8,23 g/s
47729,16187.200195,0,07E8-10,8,23 g/s
47810,16216.799805,0,07E8-10,8,23 g/s
47906,16248.099609,0,07E8-10,8,23 g/s
47994,16276.799805,0,07E8-10,8,23 g/s
48076,16307.099609,0,07E8-10,8,23 g/s
48173,16339.099609,0,07E8-10,8,23 g/s
48259,16367.200195,0,07E8-10,8,23 g/s
48335,16397.099609,0,07E8-10,8,23 g/s
48427,16427.099609,0,07E8-10,8,23 g/s
48520,16456.900391,0,07E8-10,8,23 g/s
48604,16487.099609,0,07E8-10,8,23 g/s
48695,16516.800781,0,07E8-10,8,23 g/s
48788,16547.300781,0,07E8-10,8,23 g/s
48870,16576.900391,0,07E8-10,8,23 g/s
48952,16607.099609,0,07E8-10,8,23 g/s
49049,16639.000000,0,07E8-10,8,23 g/s
49072,16646.400391,0,07EC,8,21.50 %
49151,16667.300781,0,07E8-10,8,23 g/s
49226,16696.900391,0,07E8-10,8,23 g/s
49316,16726.900391,0,07E8-10,8,23 g/s
49410,16757.300781,0,07E8-10,8,23 g/s
49494,16786.900391,0,07E8-10,8,23 g/s
49579,16816.800781,0,07E8-10,8,23 g/s
49673,16848.500000,0,07E8-10,8,23 g/s
49759,16876.900391,0,07E8-10,8,23 g/s
49849,16909.300781,0,07E8-10,8,23 g/s
49870,16916.300781,0,07EC,8,21.52 %
49943,16939.099609,0,07E8-10,8,23 g/s
50025,16966.699219,0,07E8-10,8,23 g/s
50104,16996.900391,0,07E8-10,8,23 g/s
50192,17027.099609,0,07E8-10,8,23 g/s
50287,17057.099609,0,07E8-10,8,23 g/s
50370,17087.000000,0,07E8-10,8,23 g/s
50455,17116.699219,0,07E8-10,8,23 g/s
50550,17146.900391,0,07E8-10,8,23 g/s
50638,17176.699219,0,07E8-10,8,23 g/s
50720,17207.400391,0,07E8-10,8,23 g/s
50817,17239.500000,0,07E8-10,8,23 g/s
50907,17266.699219,0,07E8-10,8,23 g/s
50983,17296.800781,0,07E8-10,8,23 g/s
51074,17327.099609,0,07E8-10,8,23 g/s
51169,17357.300781,0,07E8-10,8,23 g/s
51250,17387.099609,0,07E8-10,8,23 g/s
51332,17416.699219,0,07E8-10,8,23 g/s
51426,17447.099609,0,07E8-10,8,23 g/s
51514,17476.800781,0,07E8-10,8,23 g/s
51608,17509.699219,0,07E8-10,8,23 g/s
51701,17539.300781,0,07E8-10,8,23 g/s
51726,17546.699219,0,07EC,8,21.59 %
51786,17566.699219,0,07E8-10,8,23 g/s
51862,17596.699219,0,07E8-10,8,23 g/s
51952,17626.900391,0,07E8-10,8,23 g/s
52050,17657.300781,0,07E8-10,8,23 g/s
52142,17687.099609,0,07E8-10,8,23 g/s
52223,17716.699219,0,07E8-10,8,23 g/s
52319,17747.099609,0,07E8-10,8,23 g/s
52406,17776.800781,0,07E8-10,8,23 g/s
52487,17807.099609,0,07E8-10,8,23 g/s
52581,17838.699219,0,07E8-10,8,23 g/s
52672,17866.900391,0,07E8-10,8,23 g/s
52749,17896.699219,0,07E8-10,8,23 g/s
52807,17915.599609,0,07EC,8,21.63 %
52844,17927.099609,0,07E8-10,8,23 g/s
52940,17958.199219,0,07E8-10,8,23 g/s
53019,17987.099609,0,07E8-10,8,23 g/s
53101,18016.900391,0,07E8-10,8,23 g/s
53198,18047.900391,0,07E8-10,8,23 g/s
53284,18077.699219,0,07E8-10,8,23 g/s
53375,18108.800781,0,07E8-10,8,23 g/s
53468,18139.500000,0,07E8-10,8,23 g/s
53557,18167.400391,0,07E8-10,8,23 g/s
53631,18196.699219,0,07E8-10,8,23 g/s
53722,18227.300781,0,07E8-10,8,23 g/s
53825,18259.300781,0,07E8-10,8,23 g/s
53901,18287.099609,0,07E8-10,8,23 g/s
53982,18316.900391,0,07E8-10,8,23 g/s
54077,18347.099609,0,07E8-10,8,23 g/s
54163,18376.800781,0,07E8-10,8,23 g/s
54246,18407.900391,0,07E8-10,8,23 g/s
54339,18438.699219,0,07E8-10,8,23 g/s
54428,18467.000000,0,07E8-10,8,23 g/s
54506,18497.699219,0,07E8-10,8,23 g/s
54600,18527.400391,0,07E8-10,8,23 g/s
54697,18558.199219,0,07E8-10,8,23 g/s
54776,18586.900391,0,07E8-10,8,23 g/s
54856,18616.699219,0,07E8-10,8,23 g/s
54956,18648.400391,0,07E8-10,8,23 g/s
55050,18676.699219,0,07E8-10,8,23 g/s
55133,18707.300781,0,07E8-10,8,23 g/s
55229,18739.199219,0,07E8-10,8,23 g/s
55317,18767.500000,0,07E8-10,8,23 g/s
55392,18797.699219,0,07E8-10,8,23 g/s
55483,18826.900391,0,07E8-10,8,23 g/s
55584,18859.099609,0,07E8-10,8,23 g/s
55610,18867.000000,0,07EC,8,21.73 %
55662,18886.900391,0,07E8-10,8,23 g/s
55746,18916.900391,0,07E8-10,8,23 g/s
55842,18946.699219,0,07E8-10,8,23 g/s
55926,18976.699219,0,07E8-10,8,23 g/s
56014,19008.599609,0,07E8-10,8,23 g/s
56106,19039.000000,0,07E8-10,8,23 g/s
56133,19047.400391,0,07EC,8,21.74 %
56195,19067.000000,0,07E8-10,8,23 g/s
56270,19096.699219,0,07E8-10,8,23 g/s
56365,19127.199219,0,07E8-10,8,23 g/s
56467,19159.300781,0,07E8-10,8,23 g/s
56491,19166.699219,0,07EC,8,21.76 %
56544,19186.900391,0,07E8-10,8,23 g/s
56625,19216.699219,0,07E8-10,8,23 g/s
56720,19247.400391,0,07E8-10,8,23 g/s
56809,19276.699219,0,07E8-10,8,23 g/s
56892,19307.400391,0,07E8-10,8,23 g/s
56992,19340.400391,0,07E8-10,8,23 g/s
57075,19367.199219,0,07E8-10,8,25 g/s
57151,19397.099609,0,07E8-10,8,23 g/s
57242,19428.199219,0,07E8-10,8,25 g/s
57343,19460.099609,0,07E8-10,8,25 g/s
57417,19487.000000,0,07E8-10,8,25 g/s
57504,19516.699219,0,07E8-10,8,25 g/s
57600,19546.800781,0,07E8-10,8,25 g/s
57686,19576.699219,0,07E8-10,8,25 g/s
57766,19607.000000,0,07E8-10,8,25 g/s
57865,19640.000000,0,07E8-10,8,25 g/s
57963,19667.500000,0,07E8-10,8,25 g/s
58039,19696.800781,0,07E8-10,8,25 g/s
58131,19728.400391,0,07E8-10,8,25 g/s
58225,19758.199219,0,07E8-10,8,23 g/s
58308,19787.000000,0,07E8-10,8,25 g/s
58386,19816.800781,0,07E8-10,8,25 g/s
58484,19848.199219,0,07E8-10,8,25 g/s
58571,19876.800781,0,07E8-10,8,25 g/s
58660,19909.900391,0,07E8-10,8,25 g/s
58678,19915.300781,0,07EC,8,21.84 %, 4361.77kJ
58678,19915.300781,0,07EC,8,21.84 %
58752,19938.900391,0,07E8-10,8,25 g/s
58837,19966.699219,0,07E8-10,8,25 g/s
58917,19997.699219,0,07E8-10,8,25 g/s
59008,20028.500000,0,07E8-10,8,25 g/s
59108,20058.699219,0,07E8-10,8,25 g/s
59184,20086.800781,0,07E8-10,8,25 g/s
59267,20115.300781,0,07EC,8,21.86 %
59270,20116.900391,0,07E8-10,8,25 g/s
59365,20147.500000,0,07E8-10,8,25 g/s
59454,20176.699219,0,07E8-10,8,23 g/s
59536,20207.500000,0,07E8-10,8,23 g/s
59630,20238.699219,0,07E8-10,8,23 g/s
59725,20268.199219,0,07E8-10,8,23 g/s
59797,20296.699219,0,07E8-10,8,23 g/s
59853,20315.500000,0,07EC,8,21.88 %, 1707.78kJ
59853,20315.500000,0,07EC,8,21.88 %
59887,20327.199219,0,07E8-10,8,23 g/s
59984,20357.699219,0,07E8-10,8,23 g/s
60069,20386.900391,0,07E8-10,8,23 g/s
60149,20416.599609,0,07E8-10,8,23 g/s
60247,20448.400391,0,07E8-10,8,23 g/s
60332,20476.599609,0,07E8-10,8,23 g/s
60428,20509.599609,0,07E8-10,8,23 g/s
60447,20515.500000,0,07EC,8,21.91 %
60520,20539.099609,0,07E8-10,8,23 g/s
60607,20568.199219,0,07E8-10,8,25 g/s
60683,20596.599609,0,07E8-10,8,25 g/s
60768,20626.699219,0,07E8-10,8,25 g/s
60869,20656.900391,0,07E8-10,8,25 g/s
60963,20687.199219,0,07E8-10,8,25 g/s
61043,20716.599609,0,07E8-10,8,25 g/s
61136,20746.699219,0,07E8-10,8,25 g/s
61225,20776.900391,0,07E8-10,8,23 g/s
61307,20807.099609,0,07E8-10,8,23 g/s
61401,20838.599609,0,07E8-10,8,23 g/s
61491,20866.900391,0,07E8-10,8,23 g/s
61567,20896.599609,0,07E8-10,8,23 g/s
61661,20927.599609,0,07E8-10,8,23 g/s
61753,20957.400391,0,07E8-10,8,23 g/s
61838,20987.400391,0,07E8-10,8,23 g/s
61918,21016.599609,0,07E8-10,8,23 g/s
62017,21048.300781,0,07E8-10,8,23 g/s
62018,21048.500000,0,07EC,8,21.96 %, 1958.69kJ
62018,21048.500000,0,07EC,8,21.96 %
62100,21076.900391,0,07E8-10,8,23 g/s
62190,21108.900391,0,07E8-10,8,23 g/s
62282,21139.099609,0,07E8-10,8,23 g/s
62370,21167.099609,0,07E8-10,8,25 g/s
62447,21196.599609,0,07E8-10,8,25 g/s
62540,21227.599609,0,07E8-10,8,25 g/s
62631,21256.900391,0,07E8-10,8,25 g/s
62717,21286.599609,0,07E8-10,8,23 g/s
62799,21316.800781,0,07E8-10,8,25 g/s
62894,21346.599609,0,07E8-10,8,25 g/s
62980,21376.599609,0,07E8-10,8,23 g/s
63069,21409.099609,0,07E8-10,8,25 g/s
63158,21438.800781,0,07E8-10,8,25 g/s
63185,21447.400391,0,07EC,8,22.00 %, 1903.99kJ
63185,21447.400391,0,07EC,8,22.00 %
63246,21466.900391,0,07E8-10,8,23 g/s
63324,21496.599609,0,07E8-10,8,25 g/s
63420,21528.300781,0,07E8-10,8,23 g/s
63511,21556.900391,0,07E8-10,8,23 g/s
63595,21586.599609,0,07E8-10,8,23 g/s
63677,21616.699219,0,07E8-10,8,23 g/s
63778,21648.699219,0,07E8-10,8,23 g/s
63872,21676.599609,0,07E8-10,8,23 g/s
63959,21708.599609,0,07E8-10,8,23 g/s
64052,21739.500000,0,07E8-10,8,23 g/s
64077,21746.599609,0,07EC,8,22.03 %, 1728.19kJ
64077,21746.599609,0,07EC,8,22.03 %
64138,21767.199219,0,07E8-10,8,23 g/s
64215,21796.599609,0,07E8-10,8,23 g/s
64299,21827.099609,0,07E8-10,8,23 g/s
64404,21858.800781,0,07E8-10,8,23 g/s
64481,21886.900391,0,07E8-10,8,23 g/s
64566,21916.800781,0,07E8-10,8,23 g/s
64659,21946.900391,0,07E8-10,8,23 g/s
64745,21977.599609,0,07E8-10,8,23 g/s
64835,22008.599609,0,07E8-10,8,23 g/s
64925,22039.599609,0,07E8-10,8,23 g/s
64951,22047.500000,0,07EC,8,22.06 %
65014,22066.599609,0,07E8-10,8,23 g/s
65092,22097.199219,0,07E8-10,8,23 g/s
65180,22126.699219,0,07E8-10,8,23 g/s
65287,22160.099609,0,07E8-10,8,23 g/s
65364,22186.599609,0,07E8-10,8,23 g/s
65446,22216.800781,0,07E8-10,8,23 g/s
65540,22247.099609,0,07E8-10,8,23 g/s
65631,22276.800781,0,07E8-10,8,23 g/s
65719,22308.300781,0,07E8-10,8,23 g/s
65812,22339.599609,0,07E8-10,8,23 g/s
65895,22366.800781,0,07E8-10,8,23 g/s
65973,22396.599609,0,07E8-10,8,23 g/s
66060,22427.400391,0,07E8-10,8,23 g/s
66158,22457.300781,0,07E8-10,8,23 g/s
66242,22487.300781,0,07E8-10,8,23 g/s
66327,22515.400391,0,07EC,8,22.11 %
66330,22517.099609,0,07E8-10,8,23 g/s
66425,22547.099609,0,07E8-10,8,23 g/s
66510,22576.599609,0,07E8-10,8,23 g/s
66595,22608.000000,0,07E8-10,8,23 g/s
66617,22615.199219,0,07EC,8,22.12 %
66687,22638.900391,0,07E8-10,8,23 g/s
66787,22666.900391,0,07E8-10,8,23 g/s
66865,22696.599609,0,07E8-10,8,23 g/s
66950,22726.599609,0,07E8-10,8,23 g/s
67048,22756.900391,0,07E8-10,8,23 g/s
67135,22787.300781,0,07E8-10,8,23 g/s
67214,22816.800781,0,07E8-10,8,23 g/s
67312,22848.400391,0,07E8-10,8,23 g/s
67396,22877.300781,0,07E8-10,8,23 g/s
67488,22909.300781,0,07E8-10,8,23 g/s
67579,22939.500000,0,07E8-10,8,23 g/s
67603,22946.800781,0,07EC,8,22.15 %
67663,22966.900391,0,07E8-10,8,23 g/s
67741,22996.599609,0,07E8-10,8,23 g/s
67829,23027.300781,0,07E8-10,8,23 g/s
67926,23057.400391,0,07E8-10,8,23 g/s
68009,23087.199219,0,07E8-10,8,23 g/s
68096,23116.599609,0,07E8-10,8,23 g/s
68189,23146.900391,0,07E8-10,8,23 g/s
68279,23176.800781,0,07E8-10,8,23 g/s
68369,23209.900391,0,07E8-10,8,23 g/s
68457,23239.500000,0,07E8-10,8,23 g/s
68545,23266.900391,0,07E8-10,8,23 g/s
68622,23296.599609,0,07E8-10,8,23 g/s
68711,23326.800781,0,07E8-10,8,23 g/s
68811,23357.800781,0,07E8-10,8,23 g/s
68890,23386.800781,0,07E8-10,8,23 g/s
68974,23417.000000,0,07E8-10,8,23 g/s
69070,23448.000000,0,07E8-10,8,23 g/s
69154,23476.699219,0,07E8-10,8,23 g/s
69249,23509.199219,0,07E8-10,8,23 g/s
69269,23515.400391,0,07EC,8,22.21 %
69344,23539.800781,0,07E8-10,8,23 g/s
69428,23566.800781,0,07E8-10,8,23 g/s
69506,23596.599609,0,07E8-10,8,23 g/s
69592,23626.800781,0,07E8-10,8,23 g/s
69691,23657.300781,0,07E8-10,8,23 g/s
69782,23686.500000,0,07E8-10,8,23 g/s
69863,23716.599609,0,07E8-10,8,23 g/s
69961,23746.599609,0,07E8-10,8,23 g/s
70047,23776.699219,0,07E8-10,8,23 g/s
70130,23807.300781,0,07E8-10,8,23 g/s
70224,23839.699219,0,07E8-10,8,23 g/s
70253,23847.900391,0,07EC,8,22.24 %
70312,23867.000000,0,07EC,8,22.25 %
70315,23867.099609,0,07E8-10,8,23 g/s
70390,23896.500000,0,07E8-10,8,23 g/s
70481,23926.900391,0,07E8-10,8,23 g/s
70577,23957.099609,0,07E8-10,8,23 g/s
70662,23986.800781,0,07E8-10,8,23 g/s
70743,24016.500000,0,07E8-10,8,23 g/s
70843,24048.199219,0,07E8-10,8,23 g/s
70925,24076.599609,0,07E8-10,8,23 g/s
71015,24108.500000,0,07E8-10,8,23 g/s
71110,24139.900391,0,07E8-10,8,23 g/s
71134,24146.699219,0,07EC,8,22.27 %
71198,24167.000000,0,07E8-10,8,23 g/s
71274,24196.500000,0,07E8-10,8,23 g/s
71361,24227.000000,0,07E8-10,8,23 g/s
71466,24258.900391,0,07E8-10,8,23 g/s
71487,24266.000000,0,07EC,8,22.30 %
71543,24287.800781,0,07E8-10,8,23 g/s
71625,24316.599609,0,07E8-10,8,23 g/s
71720,24346.599609,0,07E8-10,8,23 g/s
71805,24376.599609,0,07E8-10,8,23 g/s
71894,24408.699219,0,07E8-10,8,23 g/s
71915,24415.599609,0,07EC,8,22.31 %
71987,24440.000000,0,07E8-10,8,23 g/s
72007,24445.800781,0,07EC,8,22.31 %
72075,24466.800781,0,07E8-10,8,23 g/s
72153,24496.500000,0,07E8-10,8,23 g/s
72243,24527.199219,0,07E8-10,8,23 g/s
72344,24558.300781,0,07E8-10,8,23 g/s
72424,24586.500000,0,07E8-10,8,23 g/s
72505,24616.900391,0,07E8-10,8,23 g/s
72603,24648.000000,0,07E8-10,8,23 g/s
72696,24676.599609,0,07E8-10,8,23 g/s
72783,24707.500000,0,07E8-10,8,23 g/s
72879,24739.800781,0,07E8-10,8,23 g/s
72963,24767.199219,0,07E8-10,8,23 g/s
73041,24796.500000,0,07E8-10,8,23 g/s
73128,24826.800781,0,07E8-10,8,23 g/s
73230,24858.500000,0,07E8-10,8,23 g/s
73308,24887.300781,0,07E8-10,8,23 g/s
73395,24917.400391,0,07E8-10,8,23 g/s
73485,24946.599609,0,07E8-10,8,23 g/s
73569,24977.199219,0,07E8-10,8,23 g/s
73658,25008.500000,0,07E8-10,8,23 g/s
73748,25039.300781,0,07E8-10,8,23 g/s
73779,25048.400391,0,07EC,8,22.36 %
73837,25067.099609,0,07E8-10,8,23 g/s
73914,25096.500000,0,07E8-10,8,23 g/s
74003,25126.699219,0,07E8-10,8,23 g/s
74103,25157.099609,0,07E8-10,8,25 g/s
74187,25186.699219,0,07E8-10,8,25 g/s
74270,25216.500000,0,07E8-10,8,25 g/s
74370,25248.500000,0,07E8-10,8,23 g/s
74451,25276.500000,0,07E8-10,8,23 g/s
74542,25308.699219,0,07E8-10,8,23 g/s
74634,25339.699219,0,07E8-10,8,23 g/s
74657,25347.199219,0,07EC,8,22.40 %, 4219.08kJ
74657,25347.199219,0,07EC,8,22.40 %
74719,25367.099609,0,07E8-10,8,23 g/s
74794,25396.500000,0,07E8-10,8,23 g/s
74883,25427.000000,0,07E8-10,8,23 g/s
74981,25457.099609,0,07E8-10,8,23 g/s
75064,25487.199219,0,07E8-10,8,23 g/s
75153,25516.800781,0,07EC,8,22.42 %
75154,25516.800781,0,07E8-10,8,23 g/s
75247,25546.599609,0,07E8-10,8,23 g/s
75334,25576.599609,0,07E8-10,8,23 g/s
75421,25608.000000,0,07E8-10,8,23 g/s
75511,25639.400391,0,07E8-10,8,23 g/s
75611,25667.400391,0,07E8-10,8,23 g/s
75686,25696.599609,0,07E8-10,8,23 g/s
75775,25727.199219,0,07E8-10,8,23 g/s
75872,25757.099609,0,07E8-10,8,23 g/s
75956,25787.000000,0,07E8-10,8,23 g/s
76038,25816.900391,0,07E8-10,8,23 g/s
76134,25847.900391,0,07E8-10,8,23 g/s
76218,25876.500000,0,07E8-10,8,23 g/s
76303,25907.699219,0,07E8-10,8,23 g/s
76403,25940.699219,0,07E8-10,8,23 g/s
76426,25946.500000,0,07EC,8,22.46 %
76486,25966.599609,0,07E8-10,8,23 g/s
76567,25996.599609,0,07E8-10,8,23 g/s
76653,26027.400391,0,07E8-10,8,20 g/s
76750,26057.300781,0,07E8-10,8,23 g/s
76833,26086.800781,0,07E8-10,8,23 g/s
76918,26116.599609,0,07E8-10,8,23 g/s
77014,26147.199219,0,07E8-10,8,23 g/s
77017,26148.000000,0,07EC,8,22.48 %, 2388.67kJ
77017,26148.000000,0,07EC,8,22.48 %
77099,26176.500000,0,07E8-10,8,23 g/s
77184,26207.500000,0,07E8-10,8,23 g/s
77272,26238.599609,0,07E8-10,8,23 g/s
77368,26267.099609,0,07E8-10,8,23 g/s
77445,26297.300781,0,07E8-0D,8,47 km/h
77530,26326.900391,0,07E8-10,8,23 g/s
77597,26347.099609,0,07EC,8,22.50 %
77630,26358.000000,0,07E8-10,8,23 g/s
77711,26386.800781,0,07E8-10,8,23 g/s
77794,26416.500000,0,07E8-10,8,23 g/s
77887,26447.199219,0,07E8-10,8,23 g/s
77976,26476.599609,0,07E8-10,8,23 g/s
78072,26509.500000,0,07E8-10,8,23 g/s
78160,26539.199219,0,07E8-10,8,23 g/s
78185,26546.000000,0,07EC,8,22.52 %
78248,26567.300781,0,07E8-10,8,23 g/s
78329,26596.500000,0,07E8-10,8,23 g/s
78412,26626.500000,0,07E8-10,8,23 g/s
78527,26660.699219,0,07E8-10,8,23 g/s
78528,26661.199219,0,07EC,8,22.54 %
78603,26687.000000,0,07E8-10,8,23 g/s
78688,26716.900391,0,07E8-10,8,23 g/s
78781,26746.800781,0,07E8-10,8,23 g/s
78868,26776.699219,0,07E8-10,8,23 g/s
78953,26807.699219,0,07E8-10,8,23 g/s
79042,26839.599609,0,07E8-10,8,23 g/s
79071,26847.300781,0,07EC,8,22.55 %
79134,26866.599609,0,07E8-10,8,23 g/s
79214,26896.800781,0,07E8-10,8,23 g/s
79303,26926.800781,0,07E8-10,8,23 g/s
79401,26958.400391,0,07E8-10,8,23 g/s
79480,26987.199219,0,07E8-10,8,23 g/s
79563,27016.500000,0,07E8-10,8,23 g/s
79659,27048.199219,0,07E8-10,8,23 g/s
79742,27077.000000,0,07E8-10,8,23 g/s
79833,27108.900391,0,07E8-10,8,23 g/s
79923,27139.800781,0,07E8-10,8,23 g/s
80011,27166.699219,0,07E8-10,8,23 g/s
80092,27196.699219,0,07E8-10,8,23 g/s
80176,27226.599609,0,07E8-10,8,23 g/s
80275,27257.099609,0,07E8-10,8,23 g/s
80358,27286.599609,0,07E8-10,8,20 g/s
80446,27316.699219,0,07E8-10,8,20 g/s
80541,27347.699219,0,07E8-10,8,20 g/s
80622,27376.500000,0,07E8-10,8,20 g/s
80706,27407.500000,0,07E8-10,8,20 g/s
80796,27438.000000,0,07E8-10,8,20 g/s
80888,27466.699219,0,07E8-10,8,23 g/s
80972,27496.699219,0,07E8-10,8,20 g/s
81061,27526.800781,0,07E8-10,8,23 g/s
81160,27558.000000,0,07E8-10,8,23 g/s
81241,27587.099609,0,07E8-10,8,23 g/s
81323,27616.500000,0,07E8-10,8,23 g/s
81424,27649.800781,0,07E8-10,8,23 g/s
81514,27677.000000,0,07E8-10,8,23 g/s
81597,27706.800781,0,07E8-10,8,23 g/s
81693,27739.699219,0,07E8-10,8,23 g/s
81782,27767.599609,0,07E8-10,8,23 g/s
81858,27796.800781,0,07E8-10,8,23 g/s
81944,27826.900391,0,07E8-10,8,23 g/s
82043,27857.300781,0,07E8-10,8,23 g/s
82124,27887.099609,0,07E8-10,8,23 g/s
82212,27917.199219,0,07E8-10,8,23 g/s
82309,27948.599609,0,07E8-10,8,23 g/s
82389,27976.500000,0,07E8-10,8,23 g/s
82479,28008.199219,0,07E8-10,8,23 g/s
82566,28038.599609,0,07E8-10,8,23 g/s
82657,28066.599609,0,07E8-10,8,23 g/s
82736,28096.599609,0,07E8-10,8,23 g/s
82825,28127.199219,0,07E8-10,8,23 g/s
82923,28157.199219,0,07E8-10,8,23 g/s
83008,28187.000000,0,07E8-10,8,23 g/s
83089,28216.500000,0,07E8-10,8,23 g/s
83190,28249.099609,0,07E8-10,8,23 g/s
83272,28276.500000,0,07E8-10,8,23 g/s
83359,28307.699219,0,07E8-10,8,23 g/s
83452,28339.599609,0,07E8-10,8,23 g/s
83538,28366.500000,0,07E8-10,8,23 g/s
83616,28396.599609,0,07E8-10,8,23 g/s
83704,28426.699219,0,07E8-10,8,23 g/s
83801,28457.099609,0,07E8-10,8,23 g/s
83883,28486.900391,0,07E8-10,8,23 g/s
83975,28517.000000,0,07E8-10,8,23 g/s
84074,28548.199219,0,07E8-10,8,23 g/s
84157,28577.000000,0,07E8-10,8,23 g/s
84242,28607.099609,0,07E8-10,8,23 g/s
84329,28638.400391,0,07E8-10,8,23 g/s
84434,28666.900391,0,07E8-10,8,20 g/s
84510,28696.599609,0,07E8-10,8,17 g/s
84599,28726.599609,0,07E8-10,8,15 g/s
84695,28757.099609,0,07E8-10,8,12 g/s
84780,28786.699219,0,07E8-10,8,12 g/s
84862,28816.400391,0,07E8-10,8,10 g/s
84960,28849.400391,0,07E8-10,8,10 g/s
85044,28876.500000,0,07E8-10,8,7 g/s
85131,28907.800781,0,07E8-10,8,7 g/s
85224,28939.199219,0,07E8-10,8,7 g/s
85255,28948.300781,0,07EC,8,22.78 %, 2663.44kJ
85255,28948.300781,0,07EC,8,22.78 %
85309,28966.800781,0,07E8-10,8,5 g/s
85389,28997.099609,0,07E8-10,8,5 g/s
85476,29026.500000,0,07E8-10,8,5 g/s
85579,29058.500000,0,07E8-10,8,5 g/s
85654,29086.500000,0,07E8-10,8,5 g/s
85743,29116.500000,0,07E8-10,8,2 g/s
85840,29148.300781,0,07E8-10,8,2 g/s
85924,29176.500000,0,07E8-10,8,2 g/s
86010,29207.300781,0,07E8-10,8,2 g/s
86101,29239.199219,0,07E8-10,8,2 g/s
86192,29266.599609,0,07E8-10,8,2 g/s
86269,29296.900391,0,07E8-10,8,2 g/s
86917,29515.699219,0,07EC,8,22.82 %, 426.43kJ
86917,29515.699219,0,07EC,8,22.82 %
89651,30448.500000,0,07EC,8,22.79 %
90145,30616.400391,0,07E8-10,8,5 g/s
90245,30649.699219,0,07E8-10,8,10 g/s
90338,30676.500000,0,07E8-10,8,10 g/s
90424,30707.199219,0,07E8-10,8,12 g/s
90514,30738.800781,0,07E8-10,8,12 g/s
90544,30748.400391,0,07EC,8,22.71 %, 392.77kJ
90544,30748.400391,0,07EC,8,22.71 %
90603,30766.699219,0,07E8-10,8,12 g/s
90680,30796.400391,0,07E8-10,8,12 g/s
90764,30826.500000,0,07E8-10,8,12 g/s
90867,30858.699219,0,07E8-10,8,12 g/s
90895,30867.900391,0,07EC,8,22.67 %
90945,30886.500000,0,07E8-10,8,15 g/s
91034,30916.500000,0,07E8-10,8,15 g/s
91124,30946.900391,0,07E8-10,8,15 g/s
91211,30976.400391,0,07E8-10,8,17 g/s
91297,31006.699219,0,07E8-10,8,15 g/s
91387,31038.400391,0,07E8-10,8,15 g/s
91478,31066.800781,0,07E8-10,8,15 g/s
91558,31096.500000,0,07E8-10,8,17 g/s
91647,31126.599609,0,07E8-10,8,17 g/s
91744,31157.400391,0,07E8-10,8,17 g/s
91777,31167.099609,0,07EC,8,22.67 %, 1290.91kJ
91777,31167.099609,0,07EC,8,22.67 %
91832,31186.599609,0,07E8-10,8,17 g/s
91913,31216.400391,0,07E8-10,8,20 g/s
92007,31247.900391,0,07E8-10,8,20 g/s
92094,31276.400391,0,07E8-10,8,20 g/s
92179,31306.500000,0,07E8-10,8,20 g/s
92274,31339.000000,0,07E8-10,8,20 g/s
92299,31346.699219,0,07EC,8,22.67 %, 1925.60kJ
92299,31346.699219,0,07EC,8,22.67 %
92360,31366.500000,0,07E8-10,8,23 g/s
92440,31396.400391,0,07E8-10,8,23 g/s
92529,31426.400391,0,07E8-10,8,23 g/s
92633,31459.000000,0,07E8-10,8,23 g/s
92656,31466.400391,0,07EC,8,22.68 %, 2268.07kJ
92656,31466.400391,0,07EC,8,22.68 %
92710,31486.500000,0,07E8-10,8,23 g/s
92803,31516.699219,0,07E8-10,8,25 g/s
92893,31546.599609,0,07E8-10,8,25 g/s
92982,31576.599609,0,07E8-10,8,25 g/s
93066,31606.800781,0,07E8-10,8,25 g/s
93156,31639.400391,0,07E8-10,8,25 g/s
93189,31648.800781,0,07EC,8,22.69 %, 2463.53kJ
93189,31648.800781,0,07EC,8,22.69 %
93258,31667.099609,0,07E8-10,8,25 g/s
93336,31696.400391,0,07E8-10,8,25 g/s
93424,31727.000000,0,07E8-10,8,25 g/s
93526,31759.400391,0,07E8-10,8,25 g/s
93551,31766.800781,0,07EC,8,22.71 %
93603,31786.599609,0,07E8-10,8,25 g/s
93686,31816.400391,0,07E8-10,8,25 g/s
93776,31847.300781,0,07E8-10,8,25 g/s
93867,31876.500000,0,07E8-10,8,25 g/s
93954,31907.599609,0,07E8-10,8,25 g/s
94050,31939.599609,0,07E8-10,8,25 g/s
94074,31946.800781,0,07EC,8,22.72 %
94136,31966.500000,0,07E8-10,8,25 g/s
94214,31996.400391,0,07E8-10,8,25 g/s
94302,32026.599609,0,07E8-10,8,25 g/s
94405,32059.300781,0,07E8-10,8,25 g/s
94479,32086.599609,0,07E8-10,8,25 g/s
94566,32116.400391,0,07E8-10,8,25 g/s
94659,32147.099609,0,07E8-10,8,25 g/s
94748,32176.800781,0,07E8-10,8,25 g/s
94831,32206.599609,0,07E8-10,8,25 g/s
94925,32238.400391,0,07E8-10,8,25 g/s
95015,32266.500000,0,07E8-10,8,25 g/s
95093,32296.400391,0,07E8-10,8,25 g/s
95180,32326.500000,0,07E8-10,8,25 g/s
95282,32358.699219,0,07E8-10,8,25 g/s
95361,32386.800781,0,07E8-10,8,25 g/s
95445,32416.400391,0,07E8-10,8,25 g/s
95540,32448.099609,0,07E8-10,8,25 g/s
95624,32476.400391,0,07E8-10,8,28 g/s
95719,32508.400391,0,07E8-10,8,28 g/s
95739,32515.500000,0,07EC,8,22.79 %, 3425.83kJ
95739,32515.500000,0,07EC,8,22.79 %
95809,32539.800781,0,07E8-10,8,28 g/s
95896,32567.000000,0,07E8-10,8,28 g/s
95977,32596.400391,0,07E8-10,8,25 g/s
96064,32626.599609,0,07E8-10,8,25 g/s
96179,32661.000000,0,07E8-10,8,25 g/s
96254,32686.599609,0,07E8-10,8,25 g/s
96340,32716.500000,0,07E8-10,8,25 g/s
96432,32747.000000,0,07E8-10,8,25 g/s
96520,32776.398438,0,07E8-10,8,25 g/s
96601,32806.500000,0,07E8-10,8,25 g/s
96692,32838.500000,0,07E8-10,8,25 g/s
96724,32848.101562,0,07EC,8,22.83 %, 2727.57kJ
96724,32848.101562,0,07EC,8,22.83 %
96789,32867.601562,0,07E8-10,8,23 g/s
96862,32896.398438,0,07E8-10,8,23 g/s
96952,32927.000000,0,07E8-10,8,23 g/s
97052,32958.601562,0,07E8-10,8,23 g/s
97130,32986.800781,0,07E8-10,8,23 g/s
97214,33016.398438,0,07E8-10,8,23 g/s
97309,33048.000000,0,07E8-10,8,23 g/s
97396,33076.398438,0,07E8-10,8,23 g/s
97483,33106.898438,0,07E8-10,8,23 g/s
97576,33139.601562,0,07E8-10,8,23 g/s
97662,33166.398438,0,07E8-10,8,23 g/s
97743,33196.601562,0,07E8-10,8,20 g/s
97830,33227.000000,0,07E8-10,8,20 g/s
97933,33259.300781,0,07E8-10,8,20 g/s
98009,33286.601562,0,07E8-10,8,23 g/s
98094,33316.398438,0,07E8-10,8,20 g/s
98186,33346.800781,0,07E8-10,8,20 g/s
98271,33376.398438,0,07E8-10,8,20 g/s
98356,33406.500000,0,07E8-10,8,20 g/s
98450,33438.500000,0,07E8-10,8,20 g/s
98541,33466.601562,0,07E8-10,8,20 g/s
98622,33497.000000,0,07E8-10,8,20 g/s
98711,33526.601562,0,07E8-10,8,20 g/s
98814,33559.699219,0,07E8-10,8,20 g/s
98892,33586.699219,0,07E8-10,8,20 g/s
98976,33616.398438,0,07E8-10,8,20 g/s
99073,33648.500000,0,07E8-10,8,20 g/s
99165,33675.800781,0,07EC,8,22.92 %, 2646.37kJ
99165,33675.800781,0,07EC,8,22.92 %
99167,33676.398438,0,07E8-10,8,20 g/s
99253,33706.500000,0,07E8-10,8,20 g/s
99349,33739.398438,0,07E8-10,8,20 g/s
99374,33747.000000,0,07EC,8,22.92 %
99436,33766.500000,0,07E8-10,8,20 g/s
99513,33796.398438,0,07E8-10,8,20 g/s
99598,33827.101562,0,07E8-10,8,20 g/s
99703,33859.898438,0,07E8-10,8,20 g/s
99727,33866.699219,0,07EC,8,22.94 %
99779,33886.500000,0,07E8-10,8,20 g/s
99868,33916.601562,0,07E8-10,8,20 g/s
99958,33946.699219,0,07E8-10,8,17 g/s
100046,33976.398438,0,07E8-10,8,20 g/s
100131,34006.601562,0,07E8-10,8,20 g/s
100221,34038.699219,0,07E8-10,8,20 g/s
100313,34066.500000,0,07E8-10,8,20 g/s
100395,34097.101562,0,07E8-10,8,17 g/s
100481,34126.500000,0,07E8-10,8,20 g/s
100577,34157.699219,0,07E8-10,8,17 g/s
100611,34167.101562,0,07EC,8,22.96 %, 2069.17kJ
100611,34167.101562,0,07EC,8,22.96 %
100665,34187.101562,0,07E8-10,8,17 g/s
100745,34216.398438,0,07E8-10,8,17 g/s
100842,34248.199219,0,07E8-10,8,17 g/s
100929,34276.500000,0,07E8-10,8,17 g/s
101013,34307.800781,0,07E8-10,8,17 g/s
101110,34339.500000,0,07E8-10,8,17 g/s
101134,34346.601562,0,07EC,8,22.97 %
101195,34366.398438,0,07E8-10,8,17 g/s
101274,34396.699219,0,07E8-10,8,17 g/s
101361,34426.398438,0,07E8-10,8,17 g/s
101464,34459.300781,0,07E8-10,8,17 g/s
101542,34486.398438,0,07E8-10,8,17 g/s
101633,34516.398438,0,07E8-10,8,17 g/s
101729,34547.300781,0,07E8-10,8,17 g/s
101816,34576.398438,0,07E8-10,8,17 g/s
101898,34606.398438,0,07E8-10,8,17 g/s
101991,34638.898438,0,07E8-10,8,20 g/s
102094,34667.300781,0,07E8-10,8,20 g/s
102116,34675.300781,0,07EC,8,23.00 %, 2389.85kJ
102116,34675.300781,0,07EC,8,23.00 %
102172,34696.398438,0,07E8-10,8,20 g/s
102257,34726.398438,0,07E8-10,8,17 g/s
102361,34758.398438,0,07E8-10,8,17 g/s
102441,34787.398438,0,07E8-10,8,20 g/s
102523,34816.398438,0,07E8-10,8,20 g/s
102614,34847.101562,0,07E8-10,8,20 g/s
102704,34876.300781,0,07E8-10,8,20 g/s
102791,34906.800781,0,07E8-10,8,20 g/s
102884,34938.601562,0,07E8-10,8,20 g/s
102910,34946.601562,0,07EC,8,23.02 %, 2210.18kJ
102910,34946.601562,0,07EC,8,23.02 %
102972,34966.398438,0,07E8-10,8,20 g/s
103053,34996.699219,0,07E8-10,8,20 g/s
103138,35026.898438,0,07E8-10,8,20 g/s
103233,35057.101562,0,07E8-10,8,20 g/s
103320,35087.000000,0,07E8-10,8,20 g/s
103402,35116.398438,0,07E8-10,8,20 g/s
103496,35146.898438,0,07E8-10,8,20 g/s
103587,35176.398438,0,07E8-10,8,20 g/s
103671,35206.601562,0,07E8-10,8,20 g/s
103762,35239.199219,0,07E8-10,8,20 g/s
103855,35266.800781,0,07E8-10,8,20 g/s
103933,35296.500000,0,07E8-10,8,20 g/s
104017,35327.000000,0,07E8-10,8,20 g/s
104116,35358.000000,0,07E8-10,8,20 g/s
104198,35386.398438,0,07E8-10,8,20 g/s
104283,35416.800781,0,07E8-10,8,23 g/s
104377,35447.898438,0,07E8-10,8,23 g/s
104464,35476.398438,0,07E8-10,8,20 g/s
104560,35508.398438,0,07E8-10,8,20 g/s
104649,35539.398438,0,07E8-10,8,20 g/s
104736,35567.398438,0,07E8-10,8,20 g/s
104816,35596.500000,0,07E8-10,8,20 g/s
104899,35626.500000,0,07E8-10,8,20 g/s
105013,35660.800781,0,07E8-10,8,20 g/s
105065,35676.300781,0,07EC,8,23.09 %, 2616.01kJ
105065,35676.300781,0,07EC,8,23.09 %
105092,35686.398438,0,07E8-10,8,20 g/s
105175,35716.800781,0,07E8-10,8,20 g/s
105268,35746.898438,0,07E8-10,8,20 g/s
105356,35776.300781,0,07E8-10,8,20 g/s
105440,35807.000000,0,07E8-10,8,20 g/s
105530,35838.898438,0,07E8-10,8,20 g/s
105625,35867.601562,0,07E8-10,8,20 g/s
105700,35896.398438,0,07E8-10,8,20 g/s
105791,35926.398438,0,07E8-10,8,20 g/s
105887,35958.000000,0,07E8-10,8,20 g/s
105969,35986.398438,0,07E8-10,8,20 g/s
106055,36016.300781,0,07E8-10,8,20 g/s
106150,36047.800781,0,07E8-10,8,20 g/s
106235,36076.500000,0,07E8-10,8,20 g/s
106320,36106.300781,0,07E8-10,8,20 g/s
106414,36139.101562,0,07E8-10,8,20 g/s
106440,36146.699219,0,07EC,8,23.13 %
106501,36166.601562,0,07E8-10,8,20 g/s
106581,36196.500000,0,07E8-10,8,20 g/s
106669,36226.500000,0,07E8-10,8,20 g/s
106763,36257.699219,0,07E8-10,8,20 g/s
106849,36286.398438,0,07E8-10,8,20 g/s
106933,36316.300781,0,07E8-10,8,20 g/s
107028,36346.699219,0,07E8-10,8,20 g/s
107116,36376.500000,0,07E8-10,8,20 g/s
107200,36406.500000,0,07E8-10,8,20 g/s
107293,36439.000000,0,07E8-10,8,20 g/s
107324,36448.101562,0,07EC,8,23.16 %
107385,36467.601562,0,07E8-10,8,20 g/s
107464,36496.898438,0,07E8-10,8,20 g/s
107552,36526.500000,0,07E8-10,8,20 g/s
107652,36558.300781,0,07E8-10,8,20 g/s
107734,36586.398438,0,07E8-10,8,20 g/s
107816,36616.300781,0,07E8-10,8,20 g/s
107913,36648.101562,0,07E8-10,8,20 g/s
108010,36676.300781,0,07E8-10,8,20 g/s
108097,36706.601562,0,07E8-10,8,20 g/s
108188,36739.101562,0,07E8-10,8,20 g/s
108219,36747.699219,0,07EC,8,23.18 %
108275,36766.699219,0,07E8-10,8,20 g/s
108358,36796.800781,0,07E8-10,8,20 g/s
108440,36826.398438,0,07E8-10,8,20 g/s
108544,36858.898438,0,07E8-10,8,20 g/s
108566,36866.000000,0,07EC,8,23.20 %
108625,36886.601562,0,07E8-10,8,20 g/s
108713,36916.300781,0,07E8-10,8,20 g/s
108802,36946.398438,0,07E8-10,8,20 g/s
108892,36976.300781,0,07E8-10,8,20 g/s
108976,37006.398438,0,07E8-10,8,20 g/s
109065,37038.500000,0,07E8-10,8,20 g/s
109090,37046.199219,0,07EC,8,23.21 %
109155,37066.500000,0,07E8-10,8,20 g/s
109236,37096.398438,0,07E8-10,8,20 g/s
109326,37126.898438,0,07E8-10,8,20 g/s
109425,37158.699219,0,07E8-10,8,20 g/s
109507,37186.800781,0,07E8-10,8,20 g/s
109590,37216.300781,0,07E8-10,8,20 g/s
109683,37247.500000,0,07E8-10,8,20 g/s
109775,37276.601562,0,07E8-10,8,20 g/s
109858,37306.300781,0,07E8-10,8,20 g/s
109953,37339.398438,0,07E8-10,8,20 g/s
109976,37346.398438,0,07EC,8,23.23 %
110038,37366.699219,0,07E8-10,8,20 g/s
110121,37396.601562,0,07E8-10,8,20 g/s
110205,37426.300781,0,07E8-10,8,20 g/s
110303,37458.101562,0,07E8-10,8,20 g/s
110386,37486.398438,0,07E8-10,8,20 g/s
110478,37516.800781,0,07E8-10,8,20 g/s
110569,37546.699219,0,07E8-10,8,20 g/s
110659,37576.800781,0,07E8-10,8,20 g/s
110745,37606.699219,0,07E8-10,8,20 g/s
110834,37638.601562,0,07E8-10,8,20 g/s
110937,37667.699219,0,07E8-10,8,20 g/s
111018,37697.199219,0,07E8-10,8,20 g/s
111100,37726.398438,0,07E8-10,8,20 g/s
111201,37759.300781,0,07E8-10,8,20 g/s
111222,37766.000000,0,07EC,8,23.28 %
111283,37787.000000,0,07E8-10,8,20 g/s
111365,37816.300781,0,07E8-10,8,17 g/s
111460,37848.898438,0,07E8-10,8,20 g/s
111547,37876.300781,0,07E8-10,8,20 g/s
111634,37906.800781,0,07E8-10,8,20 g/s
111726,37939.601562,0,07E8-10,8,20 g/s
111753,37947.500000,0,07EC,8,23.29 %, 3649.89kJ
111753,37947.500000,0,07EC,8,23.29 %
111809,37966.398438,0,07E8-10,8,17 g/s
111894,37996.800781,0,07E8-10,8,17 g/s
111979,38026.398438,0,07E8-10,8,17 g/s
112074,38057.199219,0,07E8-10,8,17 g/s
112157,38086.500000,0,07E8-10,8,17 g/s
112243,38116.300781,0,07E8-10,8,17 g/s
112339,38148.101562,0,07E8-10,8,17 g/s
112426,38177.000000,0,07E8-10,8,17 g/s
112510,38206.898438,0,07E8-10,8,17 g/s
112601,38238.500000,0,07E8-10,8,17 g/s
112691,38266.699219,0,07E8-10,8,17 g/s
112771,38296.699219,0,07E8-10,8,17 g/s
112859,38326.601562,0,07E8-10,8,17 g/s
112955,38357.500000,0,07E8-10,8,17 g/s
113041,38386.500000,0,07E8-10,8,17 g/s
113123,38416.300781,0,07E8-10,8,17 g/s
113220,38448.199219,0,07E8-10,8,17 g/s
113306,38476.398438,0,07E8-10,8,17 g/s
113398,38507.199219,0,07E8-10,8,17 g/s
113491,38538.898438,0,07E8-10,8,17 g/s
113577,38566.699219,0,07E8-10,8,17 g/s
113660,38596.500000,0,07E8-10,8,17 g/s
113744,38626.500000,0,07E8-10,8,17 g/s
113843,38657.300781,0,07E8-10,8,17 g/s
113937,38686.500000,0,07E8-10,8,17 g/s
114021,38716.300781,0,07E8-10,8,17 g/s
114116,38746.898438,0,07E8-10,8,17 g/s
114205,38776.300781,0,07E8-10,8,17 g/s
114290,38807.101562,0,07E8-10,8,17 g/s
114379,38839.000000,0,07E8-10,8,17 g/s
114469,38866.500000,0,07E8-10,8,17 g/s
114552,38896.898438,0,07E8-10,8,17 g/s
114639,38926.699219,0,07E8-10,8,17 g/s
114738,38958.300781,0,07E8-10,8,17 g/s
114817,38986.500000,0,07E8-10,8,17 g/s
114904,39016.398438,0,07E8-10,8,17 g/s
114997,39048.500000,0,07E8-10,8,17 g/s
115084,39076.398438,0,07E8-10,8,17 g/s
115170,39106.500000,0,07E8-10,8,17 g/s
115263,39139.199219,0,07E8-10,8,17 g/s
115290,39148.199219,0,07EC,8,23.40 %, 2717.60kJ
115290,39148.199219,0,07EC,8,23.40 %
115350,39166.500000,0,07E8-10,8,17 g/s
115433,39196.601562,0,07E8-10,8,17 g/s
115516,39226.699219,0,07E8-10,8,15 g/s
115618,39258.898438,0,07E8-10,8,17 g/s
115697,39286.500000,0,07E8-10,8,17 g/s
115782,39316.300781,0,07E8-10,8,15 g/s
115873,39346.898438,0,07E8-10,8,15 g/s
115962,39376.601562,0,07E8-10,8,15 g/s
116046,39406.500000,0,07E8-10,8,15 g/s
116139,39439.398438,0,07E8-10,8,15 g/s
116226,39467.300781,0,07E8-10,8,15 g/s
116311,39497.000000,0,07E8-10,8,15 g/s
116399,39527.101562,0,07E8-10,8,15 g/s
116497,39558.300781,0,07E8-10,8,15 g/s
116577,39587.000000,0,07E8-10,8,15 g/s
116658,39616.300781,0,07E8-10,8,15 g/s
116754,39648.800781,0,07E8-10,8,15 g/s
116850,39676.699219,0,07E8-10,8,15 g/s
116936,39706.500000,0,07E8-10,8,15 g/s
117032,39740.398438,0,07E8-10,8,15 g/s
117057,39746.898438,0,07EC,8,23.45 %, 2143.91kJ
117057,39746.898438,0,07EC,8,23.45 %
117118,39766.699219,0,07E8-10,8,15 g/s
117201,39796.398438,0,07E8-10,8,15 g/s
117285,39826.398438,0,07E8-10,8,15 g/s
117388,39859.300781,0,07E8-10,8,15 g/s
117413,39867.101562,0,07EC,8,23.47 %
117467,39886.398438,0,07E8-10,8,15 g/s
117556,39916.300781,0,07E8-10,8,15 g/s
117645,39947.000000,0,07E8-10,8,15 g/s
117732,39976.898438,0,07E8-10,8,15 g/s
117820,40006.699219,0,07E8-10,8,15 g/s
117910,40038.601562,0,07E8-10,8,15 g/s
117998,40066.601562,0,07E8-10,8,15 g/s
118083,40096.800781,0,07E8-10,8,15 g/s
118169,40126.898438,0,07E8-10,8,15 g/s
118270,40159.000000,0,07E8-10,8,15 g/s
118295,40166.601562,0,07EC,8,23.50 %
118353,40186.601562,0,07E8-10,8,12 g/s
118435,40216.300781,0,07E8-10,8,12 g/s
118530,40248.300781,0,07E8-10,8,12 g/s
118615,40276.898438,0,07E8-10,8,12 g/s
118701,40307.101562,0,07E8-10,8,12 g/s
118792,40339.000000,0,07E8-10,8,12 g/s
118878,40366.898438,0,07E8-10,8,12 g/s
118962,40396.898438,0,07E8-10,8,10 g/s
119048,40426.898438,0,07E8-10,8,10 g/s
119144,40457.699219,0,07E8-10,8,10 g/s
119229,40486.800781,0,07E8-10,8,10 g/s
119320,40517.300781,0,07E8-10,8,10 g/s
119416,40547.500000,0,07E8-10,8,10 g/s
119500,40576.699219,0,07E8-10,8,10 g/s
119586,40607.101562,0,07E8-10,8,10 g/s
119675,40639.199219,0,07E8-10,8,10 g/s
119776,40667.398438,0,07E8-10,8,7 g/s
119803,40676.601562,0,07EC,8,23.55 %, 1499.20kJ
119803,40676.601562,0,07EC,8,23.55 %
119857,40696.398438,0,07E8-10,8,7 g/s
119941,40726.800781,0,07E8-10,8,7 g/s
120043,40759.199219,0,07E8-10,8,7 g/s
120070,40766.800781,0,07EC,8,23.55 %
120124,40786.199219,0,07E8-10,8,7 g/s
120208,40816.800781,0,07E8-10,8,7 g/s
120302,40847.699219,0,07E8-10,8,7 g/s
120390,40876.800781,0,07E8-10,8,7 g/s
120480,40906.398438,0,07E8-10,8,7 g/s
120573,40938.699219,0,07E8-10,8,7 g/s
120603,40948.398438,0,07EC,8,23.56 %
120658,40966.500000,0,07E8-10,8,7 g/s
120741,40996.199219,0,07E8-10,8,7 g/s
120826,41026.500000,0,07E8-10,8,7 g/s
120926,41059.000000,0,07E8-10,8,7 g/s
121005,41086.199219,0,07E8-10,8,7 g/s
121092,41116.199219,0,07E8-10,8,7 g/s
121186,41147.199219,0,07E8-10,8,7 g/s
121275,41176.699219,0,07E8-10,8,7 g/s
121361,41206.898438,0,07E8-10,8,7 g/s
121449,41238.699219,0,07E8-10,8,5 g/s
121479,41247.898438,0,07EC,8,23.57 %, 795.53kJ
121479,41247.898438,0,07EC,8,23.57 %
121540,41267.300781,0,07E8-10,8,5 g/s
121620,41296.199219,0,07E8-10,8,5 g/s
121706,41326.699219,0,07E8-10,8,5 g/s
121805,41358.199219,0,07E8-10,8,5 g/s
121888,41386.300781,0,07E8-10,8,5 g/s
121973,41416.398438,0,07E8-10,8,5 g/s
122066,41448.398438,0,07E8-10,8,5 g/s
122156,41478.199219,0,07E8-10,8,5 g/s
122245,41506.500000,0,07E8-10,8,5 g/s
122338,41539.199219,0,07E8-10,8,5 g/s
122421,41567.000000,0,07E8-10,8,5 g/s
122505,41596.300781,0,07E8-10,8,5 g/s
122589,41627.000000,0,07E8-10,8,5 g/s
122701,41660.601562,0,07E8-10,8,2 g/s
122727,41667.699219,0,07EC,8,23.59 %, 374.69kJ
122727,41667.699219,0,07EC,8,23.59 %
122782,41686.300781,0,07E8-10,8,2 g/s
122867,41716.699219,0,07E8-10,8,2 g/s
122957,41746.699219,0,07E8-10,8,2 g/s
123052,41778.199219,0,07E8-10,8,2 g/s
123132,41806.500000,0,07E8-10,8,2 g/s
123222,41838.699219,0,07E8-10,8,2 g/s
123251,41847.898438,0,07EC,8,23.59 %
123312,41867.199219,0,07E8-10,8,2 g/s
123395,41896.500000,0,07E8-10,8,2 g/s
123479,41926.199219,0,07E8-10,8,2 g/s
123575,41959.000000,0,07E8-10,8,2 g/s
123657,41986.500000,0,07E8-10,8,2 g/s
123743,42016.601562,0,07E8-10,8,2 g/s
123835,42047.898438,0,07E8-10,8,2 g/s
123919,42076.199219,0,07E8-10,8,2 g/s
124129,42146.699219,0,07EC,8,23.59 %
124482,42266.699219,0,07EC,8,23.59 %
126257,42866.898438,0,07EC,8,23.58 %
127667,43347.000000,0,07EC,8,23.56 %
128553,43648.699219,0,07EC,8,23.55 %
128910,43766.898438,0,07EC,8,23.54 %
129438,43946.601562,0,07EC,8,23.54 %
130318,44247.601562,0,07EC,8,23.53 %
136380,46306.101562,0,07E8-10,8,2 g/s
136474,46339.398438,0,07E8-10,8,2 g/s
136556,46366.398438,0,07E8-10,8,2 g/s
136639,46396.398438,0,07E8-10,8,2 g/s
136726,46426.199219,0,07E8-10,8,2 g/s
136826,46458.601562,0,07E8-10,8,2 g/s
136850,46466.398438,0,07EC,8,23.50 %
136907,46486.898438,0,07E8-10,8,2 g/s
137001,46516.398438,0,07E8-10,8,2 g/s
137091,46546.601562,0,07E8-10,8,2 g/s
137174,46576.800781,0,07E8-10,8,2 g/s
137265,46606.699219,0,07E8-10,8,2 g/s
137355,46638.601562,0,07E8-10,8,2 g/s
137454,46667.300781,0,07E8-10,8,2 g/s
137537,46696.398438,0,07E8-10,8,2 g/s
137621,46726.398438,0,07E8-10,8,2 g/s
137716,46757.601562,0,07E8-10,8,2 g/s
137745,46766.398438,0,07EC,8,23.49 %
137799,46786.601562,0,07E8-10,8,2 g/s
137885,46816.199219,0,07E8-10,8,2 g/s
137979,46847.898438,0,07E8-10,8,2 g/s
138065,46876.199219,0,07E8-10,8,2 g/s
138922,47166.601562,0,07EC,8,23.49 %
141523,48048.800781,0,07E8-10,8,2 g/s
141605,48076.101562,0,07E8-10,8,2 g/s
141697,48106.199219,0,07E8-10,8,2 g/s
141790,48138.601562,0,07E8-10,8,5 g/s
141877,48166.398438,0,07E8-10,8,5 g/s
141961,48197.300781,0,07E8-10,8,5 g/s
142046,48226.398438,0,07E8-10,8,2 g/s
142145,48258.500000,0,07E8-10,8,2 g/s
142170,48266.398438,0,07EC,8,23.49 %, -340.16kJ
142170,48266.398438,0,07EC,8,23.49 %
142222,48286.601562,0,07E8-10,8,2 g/s
142309,48316.199219,0,07E8-10,8,2 g/s
142874,48506.300781,0,07EC,8,23.50 %
144818,49166.500000,0,07EC,8,23.52 %
151010,51266.398438,0,07EC,8,23.65 %
152427,51747.199219,0,07EC,8,23.67 %
157735,53547.101562,0,07EC,8,23.86 %
161280,54747.699219,0,07EC,8,24.09 %
164819,55946.699219,0,07EC,8,24.15 %
165705,56247.699219,0,07EC,8,24.14 %
167476,56847.800781,0,07EC,8,24.13 %
168365,57146.898438,0,07EC,8,24.12 %
